train_site,test_site,model,horizon,n,MAPE,MSE,RMSE,Bias,MedianAbsoluteError,MAE,validation_scope
la_poza,pucon,Transferred DOY climatology,1,307.0,45.4981130039322,0.7228428047638437,0.8502016259475418,0.10296552660152011,0.6220000000000003,0.6990377307274702,local_baseline_transfer_not_foundation_model
pucon,la_poza,Transferred DOY climatology,1,180.0,92.2668129355669,1.4864103972582947,1.2191843163600387,0.5604226388888888,0.5553250000000001,0.8852265277777777,local_baseline_transfer_not_foundation_model
